"Treatment","LINE","SEX","REP","TIME","censor","ID"
"1","C","1","H","9",4,"right","1 - 9 - H - C"
"2","C","1","H","9",2.85,"none","1 - 9 - H - C"
"3","C","1","H","11",2.23,"none","1 - 11 - H - C"
"4","C","1","H","12",1.75,"none","1 - 12 - H - C"
"5","C","1","H","13",1.17,"none","1 - 13 - H - C"
"6","P","1","M","4",2.13,"none","1 - 4 - M - P"
"7","P","1","M","4",2.31,"none","1 - 4 - M - P"
"8","C","1","M","6",2.7,"none","1 - 6 - M - C"
"9","C","1","M","6",2.6,"none","1 - 6 - M - C"
"10","C","1","M","6",2.81,"none","1 - 6 - M - C"
"11","C","1","M","8",2.05,"none","1 - 8 - M - C"
"12","C","1","M","8",1.59,"none","1 - 8 - M - C"
"13","C","1","M","9",1.8,"none","1 - 9 - M - C"
"14","P","2","H","3",3.07,"none","2 - 3 - H - P"
"15","P","2","H","3",4,"right","2 - 3 - H - P"
"16","P","2","H","4",2.35,"none","2 - 4 - H - P"
"17","P","2","H","6",3.25,"none","2 - 6 - H - P"
"18","P","2","H","7",3.44,"none","2 - 7 - H - P"
"19","C","2","H","8",1.66,"none","2 - 8 - H - C"
"20","C","2","H","9",3.25,"none","2 - 9 - H - C"
"21","C","2","H","9",4,"right","2 - 9 - H - C"
"22","C","2","H","9",3.18,"none","2 - 9 - H - C"
"23","C","2","H","10",1.67,"none","2 - 10 - H - C"
"24","C","2","H","11",2.96,"none","2 - 11 - H - C"
"25","C","2","H","13",2.59,"none","2 - 13 - H - C"
"26","C","2","H","13",1.36,"none","2 - 13 - H - C"
"27","C","2","H","13",0.96,"none","2 - 13 - H - C"
"28","P","2","M","1",2.98,"none","2 - 1 - M - P"
"29","P","2","M","1",0.87,"none","2 - 1 - M - P"
"30","P","2","M","2",2.03,"none","2 - 2 - M - P"
"31","P","2","M","3",2.32,"none","2 - 3 - M - P"
"32","C","2","M","9",0.97,"none","2 - 9 - M - C"
"33","C","2","M","11",1.79,"none","2 - 11 - M - C"
"34","C","2","M","11",2.57,"none","2 - 11 - M - C"
"35","C","2","M","11",3.91,"none","2 - 11 - M - C"
"36","C","2","M","12",2.72,"none","2 - 12 - M - C"
"37","C","2","M","13",1.97,"none","2 - 13 - M - C"
"38","C","2","M","13",2.45,"none","2 - 13 - M - C"
"39","C","2","M","13",1.41,"none","2 - 13 - M - C"
"40","P","1","H","5",1.73,"none","1 - 5 - H - P"
"41","P","1","H","5",2.73,"none","1 - 5 - H - P"
"42","C","1","H","7",2.19,"none","1 - 7 - H - C"
"43","C","1","H","10",4,"right","1 - 10 - H - C"
"44","C","1","M","5",3.34,"none","1 - 5 - M - C"
"45","C","1","M","5",2.7,"none","1 - 5 - M - C"
"46","P","2","H","1",2.41,"none","2 - 1 - H - P"
"47","P","2","H","4",3.11,"none","2 - 4 - H - P"
"48","C","2","M","10",1.09,"none","2 - 10 - M - C"
"49","P","4","H","3",1.86,"none","4 - 3 - H - P"
"50","P","4","H","5",2.83,"none","4 - 5 - H - P"
"51","P","4","H","8",4,"right","4 - 8 - H - P"
"52","C","4","H","9",3.76,"none","4 - 9 - H - C"
"53","C","4","H","10",3.39,"none","4 - 10 - H - C"
"54","C","4","H","10",2.28,"none","4 - 10 - H - C"
"55","C","4","H","11",1.59,"none","4 - 11 - H - C"
"56","C","4","H","11",3.61,"none","4 - 11 - H - C"
"57","C","4","H","16",2.8,"none","4 - 16 - H - C"
"58","C","4","H","16",1.13,"none","4 - 16 - H - C"
"59","P","4","M","1",2.83,"none","4 - 1 - M - P"
"60","P","4","M","1",2.28,"none","4 - 1 - M - P"
"61","P","4","M","1",2.35,"none","4 - 1 - M - P"
"62","P","4","M","5",2.09,"none","4 - 5 - M - P"
"63","P","4","M","6",2.78,"none","4 - 6 - M - P"
"64","C","4","M","8",2.03,"none","4 - 8 - M - C"
"65","C","4","M","8",3.39,"none","4 - 8 - M - C"
"66","P","4","H","5",2.57,"none","4 - 5 - H - P"
"67","P","4","H","5",3.89,"none","4 - 5 - H - P"
"68","P","4","H","5",1.98,"none","4 - 5 - H - P"
"69","C","4","H","8",1.92,"none","4 - 8 - H - C"
"70","C","4","H","9",3.2,"none","4 - 9 - H - C"
"71","C","4","H","9",2.47,"none","4 - 9 - H - C"
"72","C","4","H","9",4,"right","4 - 9 - H - C"
"73","C","4","H","9",4,"right","4 - 9 - H - C"
"74","C","4","H","10",3.59,"none","4 - 10 - H - C"
"75","C","4","H","10",3.17,"none","4 - 10 - H - C"
"76","C","4","H","10",3.13,"none","4 - 10 - H - C"
"77","C","4","H","10",2.49,"none","4 - 10 - H - C"
"78","C","4","H","10",2.3,"none","4 - 10 - H - C"
"79","C","4","H","11",2.48,"none","4 - 11 - H - C"
"80","C","4","H","11",4,"right","4 - 11 - H - C"
"81","C","4","H","11",1.79,"none","4 - 11 - H - C"
"82","C","4","H","11",4,"right","4 - 11 - H - C"
"83","C","4","H","12",2.54,"none","4 - 12 - H - C"
"84","C","4","H","13",2.71,"none","4 - 13 - H - C"
"85","C","4","H","13",4,"right","4 - 13 - H - C"
"86","C","4","H","13",4,"right","4 - 13 - H - C"
"87","C","4","H","13",4,"right","4 - 13 - H - C"
"88","C","4","H","13",4,"right","4 - 13 - H - C"
"89","C","4","H","14",2.38,"none","4 - 14 - H - C"
"90","P","4","M","1",2.38,"none","4 - 1 - M - P"
"91","P","4","M","4",1.67,"none","4 - 4 - M - P"
"92","C","4","M","7",2.86,"none","4 - 7 - M - C"
"93","C","4","M","7",2.13,"none","4 - 7 - M - C"
"94","C","4","M","7",1.03,"none","4 - 7 - M - C"
"95","C","4","M","9",2.27,"none","4 - 9 - M - C"
"96","C","4","M","11",3.39,"none","4 - 11 - M - C"
"97","P","3","H","3",2.2,"none","3 - 3 - H - P"
"98","C","3","H","6",3.71,"none","3 - 6 - H - C"
"99","C","3","H","6",2.7,"none","3 - 6 - H - C"
"100","C","3","H","7",4,"right","3 - 7 - H - C"
"101","C","3","H","7",1.88,"none","3 - 7 - H - C"
"102","C","3","H","7",1.64,"none","3 - 7 - H - C"
"103","C","3","H","9",3.27,"none","3 - 9 - H - C"
"104","C","3","H","11",2.64,"none","3 - 11 - H - C"
"105","C","3","H","11",3.88,"none","3 - 11 - H - C"
"106","C","3","H","11",1.79,"none","3 - 11 - H - C"
"107","C","3","H","11",2.15,"none","3 - 11 - H - C"
"108","P","3","M","2",1.45,"none","3 - 2 - M - P"
"109","P","3","M","2",1.33,"none","3 - 2 - M - P"
"110","P","3","M","2",2.22,"none","3 - 2 - M - P"
"111","P","3","M","2",1.79,"none","3 - 2 - M - P"
"112","P","3","M","2",1.26,"none","3 - 2 - M - P"
"113","P","3","M","3",0.82,"none","3 - 3 - M - P"
"114","P","3","M","7",1.21,"none","3 - 7 - M - P"
"115","C","3","M","8",4,"right","3 - 8 - M - C"
"116","C","3","M","9",1.45,"none","3 - 9 - M - C"
"117","C","3","M","10",4,"right","3 - 10 - M - C"
"118","P","3","H","1",1.77,"none","3 - 1 - H - P"
"119","P","3","H","1",1.79,"none","3 - 1 - H - P"
"120","P","3","H","1",3.48,"none","3 - 1 - H - P"
"121","P","3","H","2",2.87,"none","3 - 2 - H - P"
"122","P","3","H","2",0.68,"none","3 - 2 - H - P"
"123","P","3","H","2",1.72,"none","3 - 2 - H - P"
"124","C","3","H","3",4,"right","3 - 3 - H - C"
"125","C","3","H","4",1.57,"none","3 - 4 - H - C"
"126","C","3","H","4",3.83,"none","3 - 4 - H - C"
"127","P","3","M","3",1.18,"none","3 - 3 - M - P"
"128","P","3","M","4",1.75,"none","3 - 4 - M - P"
"129","P","3","M","4",1.55,"none","3 - 4 - M - P"
"130","P","3","M","5",2.23,"none","3 - 5 - M - P"
"131","P","3","M","5",1.29,"none","3 - 5 - M - P"
"132","C","3","M","6",2.39,"none","3 - 6 - M - C"
"133","C","3","M","7",3.07,"none","3 - 7 - M - C"
"134","C","3","M","7",1.02,"none","3 - 7 - M - C"
"135","C","3","M","7",2.45,"none","3 - 7 - M - C"
"136","C","3","M","8",2.46,"none","3 - 8 - M - C"
"137","C","3","M","8",1.28,"none","3 - 8 - M - C"
"138","C","3","M","10",2.58,"none","3 - 10 - M - C"
"139","P","3","H","3",0.76,"none","3 - 3 - H - P"
"140","P","3","H","5",1.8,"none","3 - 5 - H - P"
"141","P","3","H","5",1.48,"none","3 - 5 - H - P"
"142","C","3","H","7",4,"right","3 - 7 - H - C"
"143","C","3","H","7",3.98,"none","3 - 7 - H - C"
"144","C","3","H","7",3.82,"none","3 - 7 - H - C"
"145","C","3","H","8",2.22,"none","3 - 8 - H - C"
"146","C","3","H","8",4,"right","3 - 8 - H - C"
"147","C","3","H","9",4,"right","3 - 9 - H - C"
"148","C","3","H","9",2.77,"none","3 - 9 - H - C"
"149","C","3","M","8",3.07,"none","3 - 8 - M - C"
"150","C","3","M","8",2.34,"none","3 - 8 - M - C"
"151","C","3","M","8",3.77,"none","3 - 8 - M - C"
"152","C","3","M","9",1.58,"none","3 - 9 - M - C"
"153","P","3","H","1",2.51,"none","3 - 1 - H - P"
"154","P","3","H","8",0.87,"none","3 - 8 - H - P"
"155","C","3","H","14",2.46,"none","3 - 14 - H - C"
"156","C","3","H","14",1.55,"none","3 - 14 - H - C"
"157","C","3","H","14",4,"right","3 - 14 - H - C"
"158","C","3","H","17",3.74,"none","3 - 17 - H - C"
"159","C","3","H","17",2.75,"none","3 - 17 - H - C"
"160","C","3","H","17",3,"none","3 - 17 - H - C"
"161","C","3","H","17",2.66,"none","3 - 17 - H - C"
"162","C","3","H","20",2.51,"none","3 - 20 - H - C"
"163","C","3","H","20",1.27,"none","3 - 20 - H - C"
"164","C","3","H","21",1.63,"none","3 - 21 - H - C"
"165","C","3","H","25",2.87,"none","3 - 25 - H - C"
"166","C","3","H","25",0.71,"none","3 - 25 - H - C"
"167","P","3","M","9",2.56,"none","3 - 9 - M - P"
"168","P","3","M","9",1.77,"none","3 - 9 - M - P"
"169","C","3","M","15",2.1,"none","3 - 15 - M - C"
"170","C","3","M","16",3.25,"none","3 - 16 - M - C"
"171","C","3","M","16",4,"right","3 - 16 - M - C"
"172","C","3","M","16",4,"right","3 - 16 - M - C"
"173","C","3","M","22",1.16,"none","3 - 22 - M - C"
"174","C","3","M","22",1.45,"none","3 - 22 - M - C"
"175","C","3","M","23",3.1,"none","3 - 23 - M - C"
"176","C","3","M","23",1.58,"none","3 - 23 - M - C"
"177","C","3","M","23",2.97,"none","3 - 23 - M - C"
"178","C","3","M","24",3.28,"none","3 - 24 - M - C"
"179","C","3","M","24",1.54,"none","3 - 24 - M - C"
"180","C","3","M","24",2.04,"none","3 - 24 - M - C"
"181","C","3","M","25",3.55,"none","3 - 25 - M - C"
"182","P","1","H","1",1.6,"none","1 - 1 - H - P"
"183","P","1","H","1",2.29,"none","1 - 1 - H - P"
"184","P","1","H","1",2.27,"none","1 - 1 - H - P"
"185","P","1","H","1",1.56,"none","1 - 1 - H - P"
"186","P","1","H","1",1.94,"none","1 - 1 - H - P"
"187","P","1","H","2",2.49,"none","1 - 2 - H - P"
"188","P","1","H","2",2.35,"none","1 - 2 - H - P"
"189","P","1","H","2",2.24,"none","1 - 2 - H - P"
"190","P","1","H","2",1.75,"none","1 - 2 - H - P"
"191","P","1","H","2",1.08,"none","1 - 2 - H - P"
"192","P","1","H","3",1.65,"none","1 - 3 - H - P"
"193","P","1","H","3",1.15,"none","1 - 3 - H - P"
"194","P","1","H","3",3.38,"none","1 - 3 - H - P"
"195","P","1","H","3",2.42,"none","1 - 3 - H - P"
"196","P","1","H","3",1.57,"none","1 - 3 - H - P"
"197","P","1","H","4",2.9,"none","1 - 4 - H - P"
"198","P","1","H","4",1.67,"none","1 - 4 - H - P"
"199","P","1","H","4",2.83,"none","1 - 4 - H - P"
"200","P","1","H","4",1.3,"none","1 - 4 - H - P"
"201","P","1","H","4",2.13,"none","1 - 4 - H - P"
"202","P","1","H","5",1.47,"none","1 - 5 - H - P"
"203","P","1","H","5",3.08,"none","1 - 5 - H - P"
"204","P","1","H","5",2.83,"none","1 - 5 - H - P"
"205","P","1","H","5",2.32,"none","1 - 5 - H - P"
"206","P","1","H","5",2.62,"none","1 - 5 - H - P"
"207","P","1","H","6",2.92,"none","1 - 6 - H - P"
"208","P","1","H","6",1.34,"none","1 - 6 - H - P"
"209","P","1","H","6",1.67,"none","1 - 6 - H - P"
"210","P","1","H","6",2.21,"none","1 - 6 - H - P"
"211","P","1","H","6",2.2,"none","1 - 6 - H - P"
"212","C","1","H","7",2.77,"none","1 - 7 - H - C"
"213","C","1","H","7",1.6,"none","1 - 7 - H - C"
"214","C","1","H","7",0.86,"none","1 - 7 - H - C"
"215","C","1","H","7",3.97,"none","1 - 7 - H - C"
"216","C","1","H","7",2.38,"none","1 - 7 - H - C"
"217","C","1","H","8",2.56,"none","1 - 8 - H - C"
"218","C","1","H","8",1.39,"none","1 - 8 - H - C"
"219","C","1","H","8",0.63,"none","1 - 8 - H - C"
"220","C","1","H","8",1.17,"none","1 - 8 - H - C"
"221","C","1","H","8",3.65,"none","1 - 8 - H - C"
"222","C","1","H","9",1.4,"none","1 - 9 - H - C"
"223","C","1","H","9",3.05,"none","1 - 9 - H - C"
"224","C","1","H","9",1.74,"none","1 - 9 - H - C"
"225","C","1","H","10",3.95,"none","1 - 10 - H - C"
"226","C","1","H","10",3.35,"none","1 - 10 - H - C"
"227","C","1","H","10",2.55,"none","1 - 10 - H - C"
"228","C","1","H","10",2.26,"none","1 - 10 - H - C"
"229","C","1","H","10",2.98,"none","1 - 10 - H - C"
"230","C","1","H","11",0.76,"none","1 - 11 - H - C"
"231","C","1","H","11",1.79,"none","1 - 11 - H - C"
"232","C","1","H","11",1.45,"none","1 - 11 - H - C"
"233","C","1","H","11",2.02,"none","1 - 11 - H - C"
"234","C","1","H","12",2.55,"none","1 - 12 - H - C"
"235","C","1","H","12",2.95,"none","1 - 12 - H - C"
"236","C","1","H","12",2.25,"none","1 - 12 - H - C"
"237","C","1","H","12",3.42,"none","1 - 12 - H - C"
"238","C","1","H","13",2.89,"none","1 - 13 - H - C"
"239","C","1","H","13",2.51,"none","1 - 13 - H - C"
"240","C","1","H","13",3.11,"none","1 - 13 - H - C"
"241","C","1","H","13",2.24,"none","1 - 13 - H - C"
"242","P","1","M","1",2.43,"none","1 - 1 - M - P"
"243","P","1","M","1",3.22,"none","1 - 1 - M - P"
"244","P","1","M","1",4,"right","1 - 1 - M - P"
"245","P","1","M","1",1.86,"none","1 - 1 - M - P"
"246","P","1","M","1",2.03,"none","1 - 1 - M - P"
"247","P","1","M","2",1.49,"none","1 - 2 - M - P"
"248","P","1","M","2",1.96,"none","1 - 2 - M - P"
"249","P","1","M","2",2.52,"none","1 - 2 - M - P"
"250","P","1","M","2",1.68,"none","1 - 2 - M - P"
"251","P","1","M","2",1.63,"none","1 - 2 - M - P"
"252","P","1","M","3",1.12,"none","1 - 3 - M - P"
"253","P","1","M","3",2.96,"none","1 - 3 - M - P"
"254","P","1","M","3",1.83,"none","1 - 3 - M - P"
"255","P","1","M","3",2.13,"none","1 - 3 - M - P"
"256","P","1","M","3",2.36,"none","1 - 3 - M - P"
"257","P","1","M","4",2.71,"none","1 - 4 - M - P"
"258","P","1","M","4",1.54,"none","1 - 4 - M - P"
"259","P","1","M","4",2.23,"none","1 - 4 - M - P"
"260","P","1","M","5",1.42,"none","1 - 5 - M - P"
"261","P","1","M","5",2.29,"none","1 - 5 - M - P"
"262","P","1","M","5",1.62,"none","1 - 5 - M - P"
"263","P","1","M","5",0.45,"none","1 - 5 - M - P"
"264","P","1","M","5",1.63,"none","1 - 5 - M - P"
"265","C","1","M","6",2.25,"none","1 - 6 - M - C"
"266","C","1","M","6",3.13,"none","1 - 6 - M - C"
"267","C","1","M","7",0.96,"none","1 - 7 - M - C"
"268","C","1","M","7",2.4,"none","1 - 7 - M - C"
"269","C","1","M","7",1.54,"none","1 - 7 - M - C"
"270","C","1","M","7",3.77,"none","1 - 7 - M - C"
"271","C","1","M","8",1.55,"none","1 - 8 - M - C"
"272","C","1","M","8",2.09,"none","1 - 8 - M - C"
"273","C","1","M","8",2.33,"none","1 - 8 - M - C"
"274","C","1","M","9",3.15,"none","1 - 9 - M - C"
"275","C","1","M","9",2,"none","1 - 9 - M - C"
"276","C","1","M","9",2.28,"none","1 - 9 - M - C"
"277","C","1","M","9",1.94,"none","1 - 9 - M - C"
"278","C","1","M","10",1.12,"none","1 - 10 - M - C"
"279","C","1","M","10",2.89,"none","1 - 10 - M - C"
"280","C","1","M","10",1.75,"none","1 - 10 - M - C"
"281","C","1","M","10",3.07,"none","1 - 10 - M - C"
"282","C","1","M","10",3.07,"none","1 - 10 - M - C"
"283","P","2","H","1",1.47,"none","2 - 1 - H - P"
"284","P","2","H","1",4,"right","2 - 1 - H - P"
"285","P","2","H","1",3.12,"none","2 - 1 - H - P"
"286","P","2","H","1",2.48,"none","2 - 1 - H - P"
"287","P","2","H","2",0.93,"none","2 - 2 - H - P"
"288","P","2","H","2",1.54,"none","2 - 2 - H - P"
"289","P","2","H","2",1.45,"none","2 - 2 - H - P"
"290","P","2","H","2",2.93,"none","2 - 2 - H - P"
"291","P","2","H","2",3.4,"none","2 - 2 - H - P"
"292","P","2","H","3",1.6,"none","2 - 3 - H - P"
"293","P","2","H","3",3.35,"none","2 - 3 - H - P"
"294","P","2","H","3",1.88,"none","2 - 3 - H - P"
"295","P","2","H","4",1.69,"none","2 - 4 - H - P"
"296","P","2","H","4",1.79,"none","2 - 4 - H - P"
"297","P","2","H","4",2.31,"none","2 - 4 - H - P"
"298","P","2","H","4",1.99,"none","2 - 4 - H - P"
"299","P","2","H","5",3.21,"none","2 - 5 - H - P"
"300","P","2","H","5",3.39,"none","2 - 5 - H - P"
"301","P","2","H","5",2.56,"none","2 - 5 - H - P"
"302","P","2","H","5",2.39,"none","2 - 5 - H - P"
"303","P","2","H","5",2.84,"none","2 - 5 - H - P"
"304","P","2","H","6",1.02,"none","2 - 6 - H - P"
"305","P","2","H","6",2.51,"none","2 - 6 - H - P"
"306","P","2","H","6",2.87,"none","2 - 6 - H - P"
"307","P","2","H","6",2.36,"none","2 - 6 - H - P"
"308","P","2","H","7",1.01,"none","2 - 7 - H - P"
"309","P","2","H","7",4,"right","2 - 7 - H - P"
"310","P","2","H","7",2.64,"none","2 - 7 - H - P"
"311","P","2","H","7",2.67,"none","2 - 7 - H - P"
"312","C","2","H","8",3.54,"none","2 - 8 - H - C"
"313","C","2","H","8",2.58,"none","2 - 8 - H - C"
"314","C","2","H","8",2.92,"none","2 - 8 - H - C"
"315","C","2","H","8",1.98,"none","2 - 8 - H - C"
"316","C","2","H","9",2.75,"none","2 - 9 - H - C"
"317","C","2","H","9",3.79,"none","2 - 9 - H - C"
"318","C","2","H","10",1.92,"none","2 - 10 - H - C"
"319","C","2","H","10",2.27,"none","2 - 10 - H - C"
"320","C","2","H","10",2.7,"none","2 - 10 - H - C"
"321","C","2","H","10",1.42,"none","2 - 10 - H - C"
"322","C","2","H","11",3.37,"none","2 - 11 - H - C"
"323","C","2","H","11",2.55,"none","2 - 11 - H - C"
"324","C","2","H","11",1.75,"none","2 - 11 - H - C"
"325","C","2","H","11",2.27,"none","2 - 11 - H - C"
"326","C","2","H","12",1.85,"none","2 - 12 - H - C"
"327","C","2","H","12",2.36,"none","2 - 12 - H - C"
"328","C","2","H","12",2.35,"none","2 - 12 - H - C"
"329","C","2","H","12",1.8,"none","2 - 12 - H - C"
"330","C","2","H","12",2.25,"none","2 - 12 - H - C"
"331","C","2","H","13",3.54,"none","2 - 13 - H - C"
"332","C","2","H","13",2.52,"none","2 - 13 - H - C"
"333","C","2","H","14",1.15,"none","2 - 14 - H - C"
"334","C","2","H","14",1.81,"none","2 - 14 - H - C"
"335","C","2","H","14",0.41,"none","2 - 14 - H - C"
"336","C","2","H","14",2.59,"none","2 - 14 - H - C"
"337","C","2","H","14",2.21,"none","2 - 14 - H - C"
"338","P","2","M","1",2.35,"none","2 - 1 - M - P"
"339","P","2","M","1",2.17,"none","2 - 1 - M - P"
"340","P","2","M","2",0.68,"none","2 - 2 - M - P"
"341","P","2","M","2",0.6,"none","2 - 2 - M - P"
"342","P","2","M","2",1.72,"none","2 - 2 - M - P"
"343","P","2","M","2",1.38,"none","2 - 2 - M - P"
"344","P","2","M","3",2.4,"none","2 - 3 - M - P"
"345","P","2","M","3",1.88,"none","2 - 3 - M - P"
"346","P","2","M","3",1.71,"none","2 - 3 - M - P"
"347","P","2","M","3",0.58,"none","2 - 3 - M - P"
"348","P","2","M","4",2.2,"none","2 - 4 - M - P"
"349","P","2","M","4",1.74,"none","2 - 4 - M - P"
"350","P","2","M","4",1.06,"none","2 - 4 - M - P"
"351","P","2","M","4",2.07,"none","2 - 4 - M - P"
"352","P","2","M","4",1.41,"none","2 - 4 - M - P"
"353","P","2","M","5",2.37,"none","2 - 5 - M - P"
"354","P","2","M","5",2.03,"none","2 - 5 - M - P"
"355","P","2","M","5",2.18,"none","2 - 5 - M - P"
"356","P","2","M","5",1.88,"none","2 - 5 - M - P"
"357","P","2","M","6",1.36,"none","2 - 6 - M - P"
"358","P","2","M","6",1.64,"none","2 - 6 - M - P"
"359","P","2","M","6",2.42,"none","2 - 6 - M - P"
"360","P","2","M","6",2.34,"none","2 - 6 - M - P"
"361","P","2","M","6",1.85,"none","2 - 6 - M - P"
"362","C","2","M","7",1.9,"none","2 - 7 - M - C"
"363","C","2","M","7",0.68,"none","2 - 7 - M - C"
"364","C","2","M","7",2.59,"none","2 - 7 - M - C"
"365","C","2","M","7",3.14,"none","2 - 7 - M - C"
"366","C","2","M","7",2.54,"none","2 - 7 - M - C"
"367","C","2","M","8",2.04,"none","2 - 8 - M - C"
"368","C","2","M","8",3.69,"none","2 - 8 - M - C"
"369","C","2","M","8",4,"right","2 - 8 - M - C"
"370","C","2","M","8",3.83,"none","2 - 8 - M - C"
"371","C","2","M","8",4,"right","2 - 8 - M - C"
"372","C","2","M","9",1.84,"none","2 - 9 - M - C"
"373","C","2","M","9",2.63,"none","2 - 9 - M - C"
"374","C","2","M","9",1.94,"none","2 - 9 - M - C"
"375","C","2","M","9",3.02,"none","2 - 9 - M - C"
"376","C","2","M","10",1.28,"none","2 - 10 - M - C"
"377","C","2","M","10",2.03,"none","2 - 10 - M - C"
"378","C","2","M","10",2.26,"none","2 - 10 - M - C"
"379","C","2","M","10",0.35,"none","2 - 10 - M - C"
"380","C","2","M","10",2.21,"none","2 - 10 - M - C"
"381","C","2","M","11",2.55,"none","2 - 11 - M - C"
"382","C","2","M","11",2.34,"none","2 - 11 - M - C"
"383","C","2","M","12",2.67,"none","2 - 12 - M - C"
"384","C","2","M","12",3.35,"none","2 - 12 - M - C"
"385","C","2","M","12",4,"right","2 - 12 - M - C"
"386","C","2","M","12",1.57,"none","2 - 12 - M - C"
"387","C","2","M","13",1.47,"none","2 - 13 - M - C"
"388","C","2","M","13",2.46,"none","2 - 13 - M - C"
"389","P","1","H","1",2.81,"none","1 - 1 - H - P"
"390","P","1","H","1",3.11,"none","1 - 1 - H - P"
"391","P","1","H","1",1.81,"none","1 - 1 - H - P"
"392","P","1","H","1",3.41,"none","1 - 1 - H - P"
"393","P","1","H","1",3.52,"none","1 - 1 - H - P"
"394","P","1","H","2",2.2,"none","1 - 2 - H - P"
"395","P","1","H","2",2.23,"none","1 - 2 - H - P"
"396","P","1","H","2",2.18,"none","1 - 2 - H - P"
"397","P","1","H","2",2.65,"none","1 - 2 - H - P"
"398","P","1","H","2",0.74,"none","1 - 2 - H - P"
"399","P","1","H","3",2.83,"none","1 - 3 - H - P"
"400","P","1","H","3",0.84,"none","1 - 3 - H - P"
"401","P","1","H","3",1.8,"none","1 - 3 - H - P"
"402","P","1","H","3",2.07,"none","1 - 3 - H - P"
"403","P","1","H","3",1.87,"none","1 - 3 - H - P"
"404","P","1","H","4",1.29,"none","1 - 4 - H - P"
"405","P","1","H","4",1.43,"none","1 - 4 - H - P"
"406","P","1","H","4",1.44,"none","1 - 4 - H - P"
"407","P","1","H","4",2.21,"none","1 - 4 - H - P"
"408","P","1","H","4",2.02,"none","1 - 4 - H - P"
"409","P","1","H","5",1.64,"none","1 - 5 - H - P"
"410","P","1","H","5",1.51,"none","1 - 5 - H - P"
"411","P","1","H","5",2.71,"none","1 - 5 - H - P"
"412","P","1","H","6",3.96,"none","1 - 6 - H - P"
"413","P","1","H","6",2.06,"none","1 - 6 - H - P"
"414","P","1","H","6",2.48,"none","1 - 6 - H - P"
"415","P","1","H","6",4,"right","1 - 6 - H - P"
"416","P","1","H","6",1.95,"none","1 - 6 - H - P"
"417","C","1","H","7",2.07,"none","1 - 7 - H - C"
"418","C","1","H","7",3.61,"none","1 - 7 - H - C"
"419","C","1","H","7",1.88,"none","1 - 7 - H - C"
"420","C","1","H","7",2,"none","1 - 7 - H - C"
"421","C","1","H","8",1.67,"none","1 - 8 - H - C"
"422","C","1","H","8",1.62,"none","1 - 8 - H - C"
"423","C","1","H","8",1.87,"none","1 - 8 - H - C"
"424","C","1","H","8",2.22,"none","1 - 8 - H - C"
"425","C","1","H","8",2.56,"none","1 - 8 - H - C"
"426","C","1","H","9",1.9,"none","1 - 9 - H - C"
"427","C","1","H","9",1.82,"none","1 - 9 - H - C"
"428","C","1","H","9",0.53,"none","1 - 9 - H - C"
"429","C","1","H","9",3.69,"none","1 - 9 - H - C"
"430","C","1","H","9",1.82,"none","1 - 9 - H - C"
"431","C","1","H","10",0.58,"none","1 - 10 - H - C"
"432","C","1","H","10",3.36,"none","1 - 10 - H - C"
"433","C","1","H","10",2.88,"none","1 - 10 - H - C"
"434","C","1","H","10",2.38,"none","1 - 10 - H - C"
"435","C","1","H","11",0.71,"none","1 - 11 - H - C"
"436","C","1","H","11",2.58,"none","1 - 11 - H - C"
"437","C","1","H","11",2.56,"none","1 - 11 - H - C"
"438","C","1","H","11",0.69,"none","1 - 11 - H - C"
"439","C","1","H","11",2.33,"none","1 - 11 - H - C"
"440","P","1","M","1",1.75,"none","1 - 1 - M - P"
"441","P","1","M","1",2.29,"none","1 - 1 - M - P"
"442","P","1","M","1",1.36,"none","1 - 1 - M - P"
"443","P","1","M","1",1.48,"none","1 - 1 - M - P"
"444","P","1","M","1",1.85,"none","1 - 1 - M - P"
"445","P","1","M","2",2.37,"none","1 - 2 - M - P"
"446","P","1","M","2",0.46,"none","1 - 2 - M - P"
"447","P","1","M","2",1.51,"none","1 - 2 - M - P"
"448","P","1","M","2",1.37,"none","1 - 2 - M - P"
"449","P","1","M","2",1.02,"none","1 - 2 - M - P"
"450","P","1","M","3",1.96,"none","1 - 3 - M - P"
"451","P","1","M","3",0.87,"none","1 - 3 - M - P"
"452","P","1","M","3",2.39,"none","1 - 3 - M - P"
"453","P","1","M","3",1.06,"none","1 - 3 - M - P"
"454","P","1","M","3",2.15,"none","1 - 3 - M - P"
"455","P","1","M","4",2.47,"none","1 - 4 - M - P"
"456","P","1","M","4",2.9,"none","1 - 4 - M - P"
"457","P","1","M","4",1.6,"none","1 - 4 - M - P"
"458","P","1","M","4",2.99,"none","1 - 4 - M - P"
"459","P","1","M","4",1.3,"none","1 - 4 - M - P"
"460","C","1","M","5",1.06,"none","1 - 5 - M - C"
"461","C","1","M","5",0.92,"none","1 - 5 - M - C"
"462","C","1","M","5",1.04,"none","1 - 5 - M - C"
"463","C","1","M","6",0.93,"none","1 - 6 - M - C"
"464","C","1","M","6",2.52,"none","1 - 6 - M - C"
"465","C","1","M","6",2.75,"none","1 - 6 - M - C"
"466","C","1","M","6",3.93,"none","1 - 6 - M - C"
"467","C","1","M","6",2.7,"none","1 - 6 - M - C"
"468","P","2","H","1",2.93,"none","2 - 1 - H - P"
"469","P","2","H","1",1.93,"none","2 - 1 - H - P"
"470","P","2","H","1",2.89,"none","2 - 1 - H - P"
"471","P","2","H","1",2.44,"none","2 - 1 - H - P"
"472","P","2","H","2",1.86,"none","2 - 2 - H - P"
"473","P","2","H","2",1.43,"none","2 - 2 - H - P"
"474","P","2","H","2",0.55,"none","2 - 2 - H - P"
"475","P","2","H","2",4,"right","2 - 2 - H - P"
"476","P","2","H","2",1.79,"none","2 - 2 - H - P"
"477","P","2","H","3",2.86,"none","2 - 3 - H - P"
"478","P","2","H","3",3.32,"none","2 - 3 - H - P"
"479","P","2","H","3",2.1,"none","2 - 3 - H - P"
"480","P","2","H","3",1.99,"none","2 - 3 - H - P"
"481","P","2","H","3",3.2,"none","2 - 3 - H - P"
"482","P","2","H","4",2.77,"none","2 - 4 - H - P"
"483","P","2","H","4",2.48,"none","2 - 4 - H - P"
"484","P","2","H","4",1.9,"none","2 - 4 - H - P"
"485","P","2","H","4",1.11,"none","2 - 4 - H - P"
"486","P","2","H","5",1.93,"none","2 - 5 - H - P"
"487","P","2","H","5",2.29,"none","2 - 5 - H - P"
"488","P","2","H","5",2.32,"none","2 - 5 - H - P"
"489","P","2","H","5",2.5,"none","2 - 5 - H - P"
"490","P","2","H","5",1.35,"none","2 - 5 - H - P"
"491","C","2","H","6",2.9,"none","2 - 6 - H - C"
"492","C","2","H","6",2.31,"none","2 - 6 - H - C"
"493","C","2","H","6",0.94,"none","2 - 6 - H - C"
"494","C","2","H","6",2.6,"none","2 - 6 - H - C"
"495","C","2","H","6",2.44,"none","2 - 6 - H - C"
"496","C","2","H","7",3.45,"none","2 - 7 - H - C"
"497","C","2","H","7",4,"right","2 - 7 - H - C"
"498","C","2","H","7",1.84,"none","2 - 7 - H - C"
"499","C","2","H","7",3.25,"none","2 - 7 - H - C"
"500","C","2","H","7",2.1,"none","2 - 7 - H - C"
"501","C","2","H","8",2.13,"none","2 - 8 - H - C"
"502","C","2","H","8",3.24,"none","2 - 8 - H - C"
"503","C","2","H","8",2.19,"none","2 - 8 - H - C"
"504","C","2","H","8",2.34,"none","2 - 8 - H - C"
"505","C","2","H","8",1.95,"none","2 - 8 - H - C"
"506","C","2","H","9",1.42,"none","2 - 9 - H - C"
"507","C","2","H","9",2.68,"none","2 - 9 - H - C"
"508","C","2","H","9",2.5,"none","2 - 9 - H - C"
"509","C","2","H","9",1.21,"none","2 - 9 - H - C"
"510","C","2","H","9",2.49,"none","2 - 9 - H - C"
"511","C","2","H","10",0.72,"none","2 - 10 - H - C"
"512","C","2","H","10",3.85,"none","2 - 10 - H - C"
"513","C","2","H","10",2.12,"none","2 - 10 - H - C"
"514","C","2","H","10",2.08,"none","2 - 10 - H - C"
"515","C","2","H","10",2.48,"none","2 - 10 - H - C"
"516","P","2","M","1",0.96,"none","2 - 1 - M - P"
"517","P","2","M","1",1.57,"none","2 - 1 - M - P"
"518","P","2","M","1",1.43,"none","2 - 1 - M - P"
"519","P","2","M","1",1.56,"none","2 - 1 - M - P"
"520","P","2","M","1",1.13,"none","2 - 1 - M - P"
"521","P","2","M","2",1.16,"none","2 - 2 - M - P"
"522","P","2","M","2",1,"none","2 - 2 - M - P"
"523","P","2","M","2",1.44,"none","2 - 2 - M - P"
"524","P","2","M","2",1.28,"none","2 - 2 - M - P"
"525","P","2","M","2",1.33,"none","2 - 2 - M - P"
"526","P","2","M","3",2.65,"none","2 - 3 - M - P"
"527","P","2","M","3",0.76,"none","2 - 3 - M - P"
"528","P","2","M","3",1.45,"none","2 - 3 - M - P"
"529","P","2","M","3",2.48,"none","2 - 3 - M - P"
"530","P","2","M","3",0.84,"none","2 - 3 - M - P"
"531","P","2","M","4",1.54,"none","2 - 4 - M - P"
"532","P","2","M","4",2.7,"none","2 - 4 - M - P"
"533","P","2","M","4",2.49,"none","2 - 4 - M - P"
"534","P","2","M","4",2.73,"none","2 - 4 - M - P"
"535","P","2","M","4",1.13,"none","2 - 4 - M - P"
"536","P","2","M","5",2.33,"none","2 - 5 - M - P"
"537","P","2","M","5",2.15,"none","2 - 5 - M - P"
"538","P","2","M","5",3.24,"none","2 - 5 - M - P"
"539","P","2","M","5",1.6,"none","2 - 5 - M - P"
"540","P","2","M","5",2.06,"none","2 - 5 - M - P"
"541","P","2","M","6",1.01,"none","2 - 6 - M - P"
"542","P","2","M","6",1.91,"none","2 - 6 - M - P"
"543","P","2","M","6",1.88,"none","2 - 6 - M - P"
"544","P","2","M","6",0.85,"none","2 - 6 - M - P"
"545","P","2","M","6",1.19,"none","2 - 6 - M - P"
"546","P","2","M","7",0.79,"none","2 - 7 - M - P"
"547","P","2","M","7",2.07,"none","2 - 7 - M - P"
"548","P","2","M","7",1.28,"none","2 - 7 - M - P"
"549","P","2","M","7",0.71,"none","2 - 7 - M - P"
"550","P","2","M","7",0.95,"none","2 - 7 - M - P"
"551","C","2","M","8",2.19,"none","2 - 8 - M - C"
"552","C","2","M","8",0.52,"none","2 - 8 - M - C"
"553","C","2","M","8",1.75,"none","2 - 8 - M - C"
"554","C","2","M","8",1.18,"none","2 - 8 - M - C"
"555","C","2","M","8",2.44,"none","2 - 8 - M - C"
"556","C","2","M","9",2.62,"none","2 - 9 - M - C"
"557","C","2","M","9",2.46,"none","2 - 9 - M - C"
"558","C","2","M","9",1.37,"none","2 - 9 - M - C"
"559","C","2","M","9",2.07,"none","2 - 9 - M - C"
"560","C","2","M","9",2.48,"none","2 - 9 - M - C"
"561","C","2","M","10",1.73,"none","2 - 10 - M - C"
"562","C","2","M","10",1.35,"none","2 - 10 - M - C"
"563","C","2","M","10",1.59,"none","2 - 10 - M - C"
"564","C","2","M","10",3.08,"none","2 - 10 - M - C"
"565","C","2","M","11",1.37,"none","2 - 11 - M - C"
"566","C","2","M","11",1.15,"none","2 - 11 - M - C"
"567","C","2","M","11",1.99,"none","2 - 11 - M - C"
"568","C","2","M","11",3.57,"none","2 - 11 - M - C"
"569","C","2","M","11",2.75,"none","2 - 11 - M - C"
"570","C","2","M","12",1.6,"none","2 - 12 - M - C"
"571","C","2","M","12",2.22,"none","2 - 12 - M - C"
"572","C","2","M","12",2.81,"none","2 - 12 - M - C"
"573","C","2","M","12",2.43,"none","2 - 12 - M - C"
"574","C","2","M","12",3.96,"none","2 - 12 - M - C"
"575","C","2","M","13",0.76,"none","2 - 13 - M - C"
"576","C","2","M","13",3.49,"none","2 - 13 - M - C"
"577","C","2","M","13",2.66,"none","2 - 13 - M - C"
"578","C","2","M","13",3.15,"none","2 - 13 - M - C"
"579","C","2","M","13",1.88,"none","2 - 13 - M - C"
"580","P","4","H","1",2.56,"none","4 - 1 - H - P"
"581","P","4","H","1",0.39,"none","4 - 1 - H - P"
"582","P","4","H","1",2.47,"none","4 - 1 - H - P"
"583","P","4","H","1",1.22,"none","4 - 1 - H - P"
"584","P","4","H","1",2.41,"none","4 - 1 - H - P"
"585","P","4","H","2",3.13,"none","4 - 2 - H - P"
"586","P","4","H","2",2.22,"none","4 - 2 - H - P"
"587","P","4","H","2",2.08,"none","4 - 2 - H - P"
"588","P","4","H","2",3.7,"none","4 - 2 - H - P"
"589","P","4","H","2",3.49,"none","4 - 2 - H - P"
"590","P","4","H","3",1.31,"none","4 - 3 - H - P"
"591","P","4","H","3",1.76,"none","4 - 3 - H - P"
"592","P","4","H","3",1.3,"none","4 - 3 - H - P"
"593","P","4","H","3",2.98,"none","4 - 3 - H - P"
"594","P","4","H","4",0.92,"none","4 - 4 - H - P"
"595","P","4","H","4",2.23,"none","4 - 4 - H - P"
"596","P","4","H","4",1.71,"none","4 - 4 - H - P"
"597","P","4","H","4",2.62,"none","4 - 4 - H - P"
"598","P","4","H","5",2.52,"none","4 - 5 - H - P"
"599","P","4","H","5",2.06,"none","4 - 5 - H - P"
"600","P","4","H","5",2.01,"none","4 - 5 - H - P"
"601","P","4","H","5",2.14,"none","4 - 5 - H - P"
"602","P","4","H","6",1.3,"none","4 - 6 - H - P"
"603","P","4","H","6",1.17,"none","4 - 6 - H - P"
"604","P","4","H","6",1.87,"none","4 - 6 - H - P"
"605","P","4","H","6",3.58,"none","4 - 6 - H - P"
"606","P","4","H","6",2.72,"none","4 - 6 - H - P"
"607","P","4","H","7",3.07,"none","4 - 7 - H - P"
"608","P","4","H","7",2.08,"none","4 - 7 - H - P"
"609","P","4","H","7",1.22,"none","4 - 7 - H - P"
"610","P","4","H","7",2.15,"none","4 - 7 - H - P"
"611","P","4","H","8",1.94,"none","4 - 8 - H - P"
"612","P","4","H","8",2.68,"none","4 - 8 - H - P"
"613","P","4","H","8",2.26,"none","4 - 8 - H - P"
"614","P","4","H","8",4,"right","4 - 8 - H - P"
"615","C","4","H","9",3.66,"none","4 - 9 - H - C"
"616","C","4","H","9",3.03,"none","4 - 9 - H - C"
"617","C","4","H","9",4,"right","4 - 9 - H - C"
"618","C","4","H","9",2.72,"none","4 - 9 - H - C"
"619","C","4","H","10",4,"right","4 - 10 - H - C"
"620","C","4","H","10",3.14,"none","4 - 10 - H - C"
"621","C","4","H","10",2.03,"none","4 - 10 - H - C"
"622","C","4","H","11",3.9,"none","4 - 11 - H - C"
"623","C","4","H","11",1.64,"none","4 - 11 - H - C"
"624","C","4","H","11",2.74,"none","4 - 11 - H - C"
"625","C","4","H","12",4,"right","4 - 12 - H - C"
"626","C","4","H","12",3.71,"none","4 - 12 - H - C"
"627","C","4","H","12",4,"right","4 - 12 - H - C"
"628","C","4","H","12",1.83,"none","4 - 12 - H - C"
"629","C","4","H","12",2.11,"none","4 - 12 - H - C"
"630","C","4","H","13",3.11,"none","4 - 13 - H - C"
"631","C","4","H","13",2.95,"none","4 - 13 - H - C"
"632","C","4","H","13",2.88,"none","4 - 13 - H - C"
"633","C","4","H","13",4,"right","4 - 13 - H - C"
"634","C","4","H","13",4,"right","4 - 13 - H - C"
"635","C","4","H","14",3.79,"none","4 - 14 - H - C"
"636","C","4","H","14",2.49,"none","4 - 14 - H - C"
"637","C","4","H","14",4,"right","4 - 14 - H - C"
"638","C","4","H","14",3.3,"none","4 - 14 - H - C"
"639","C","4","H","14",2.47,"none","4 - 14 - H - C"
"640","C","4","H","15",2.57,"none","4 - 15 - H - C"
"641","C","4","H","15",3.16,"none","4 - 15 - H - C"
"642","C","4","H","15",3.55,"none","4 - 15 - H - C"
"643","C","4","H","15",4,"right","4 - 15 - H - C"
"644","C","4","H","16",4,"right","4 - 16 - H - C"
"645","C","4","H","16",2.59,"none","4 - 16 - H - C"
"646","C","4","H","16",2.96,"none","4 - 16 - H - C"
"647","P","4","M","1",2.18,"none","4 - 1 - M - P"
"648","P","4","M","1",2.64,"none","4 - 1 - M - P"
"649","P","4","M","2",2.31,"none","4 - 2 - M - P"
"650","P","4","M","2",0.71,"none","4 - 2 - M - P"
"651","P","4","M","2",2.12,"none","4 - 2 - M - P"
"652","P","4","M","2",1.64,"none","4 - 2 - M - P"
"653","P","4","M","2",2.66,"none","4 - 2 - M - P"
"654","P","4","M","3",2.19,"none","4 - 3 - M - P"
"655","P","4","M","3",2.78,"none","4 - 3 - M - P"
"656","P","4","M","3",2.23,"none","4 - 3 - M - P"
"657","P","4","M","3",1.53,"none","4 - 3 - M - P"
"658","P","4","M","3",3.02,"none","4 - 3 - M - P"
"659","P","4","M","4",0.95,"none","4 - 4 - M - P"
"660","P","4","M","4",3.06,"none","4 - 4 - M - P"
"661","P","4","M","4",1.55,"none","4 - 4 - M - P"
"662","P","4","M","4",1.71,"none","4 - 4 - M - P"
"663","P","4","M","4",2.82,"none","4 - 4 - M - P"
"664","P","4","M","5",2.16,"none","4 - 5 - M - P"
"665","P","4","M","5",3.17,"none","4 - 5 - M - P"
"666","P","4","M","5",1.79,"none","4 - 5 - M - P"
"667","P","4","M","5",1.05,"none","4 - 5 - M - P"
"668","P","4","M","6",2.17,"none","4 - 6 - M - P"
"669","P","4","M","6",1.46,"none","4 - 6 - M - P"
"670","P","4","M","6",2.38,"none","4 - 6 - M - P"
"671","P","4","M","6",3.24,"none","4 - 6 - M - P"
"672","P","4","M","7",1.38,"none","4 - 7 - M - P"
"673","P","4","M","7",2.78,"none","4 - 7 - M - P"
"674","P","4","M","7",1.92,"none","4 - 7 - M - P"
"675","P","4","M","7",3.02,"none","4 - 7 - M - P"
"676","P","4","M","7",4,"right","4 - 7 - M - P"
"677","C","4","M","8",0.97,"none","4 - 8 - M - C"
"678","C","4","M","8",2.32,"none","4 - 8 - M - C"
"679","C","4","M","8",2.53,"none","4 - 8 - M - C"
"680","C","4","M","9",0.79,"none","4 - 9 - M - C"
"681","C","4","M","9",3.04,"none","4 - 9 - M - C"
"682","C","4","M","9",1.61,"none","4 - 9 - M - C"
"683","C","4","M","9",0.9,"none","4 - 9 - M - C"
"684","C","4","M","9",2.05,"none","4 - 9 - M - C"
"685","C","4","M","10",2.55,"none","4 - 10 - M - C"
"686","C","4","M","10",2.96,"none","4 - 10 - M - C"
"687","C","4","M","10",1.7,"none","4 - 10 - M - C"
"688","C","4","M","10",1.75,"none","4 - 10 - M - C"
"689","C","4","M","10",1.73,"none","4 - 10 - M - C"
"690","C","4","M","11",3.54,"none","4 - 11 - M - C"
"691","C","4","M","11",3.9,"none","4 - 11 - M - C"
"692","C","4","M","11",2,"none","4 - 11 - M - C"
"693","C","4","M","11",3.23,"none","4 - 11 - M - C"
"694","C","4","M","11",3.6,"none","4 - 11 - M - C"
"695","C","4","M","12",2.33,"none","4 - 12 - M - C"
"696","C","4","M","12",1.9,"none","4 - 12 - M - C"
"697","C","4","M","12",2.3,"none","4 - 12 - M - C"
"698","C","4","M","12",1.46,"none","4 - 12 - M - C"
"699","C","4","M","12",1.41,"none","4 - 12 - M - C"
"700","C","4","M","13",2.31,"none","4 - 13 - M - C"
"701","C","4","M","13",3.54,"none","4 - 13 - M - C"
"702","C","4","M","13",2.13,"none","4 - 13 - M - C"
"703","C","4","M","13",3.27,"none","4 - 13 - M - C"
"704","C","4","M","13",2.09,"none","4 - 13 - M - C"
"705","P","4","H","1",2.58,"none","4 - 1 - H - P"
"706","P","4","H","1",2.49,"none","4 - 1 - H - P"
"707","P","4","H","1",2.21,"none","4 - 1 - H - P"
"708","P","4","H","1",2.07,"none","4 - 1 - H - P"
"709","P","4","H","1",1.41,"none","4 - 1 - H - P"
"710","P","4","H","2",3.07,"none","4 - 2 - H - P"
"711","P","4","H","2",3.1,"none","4 - 2 - H - P"
"712","P","4","H","2",3.57,"none","4 - 2 - H - P"
"713","P","4","H","2",3.04,"none","4 - 2 - H - P"
"714","P","4","H","2",4,"right","4 - 2 - H - P"
"715","P","4","H","3",1.76,"none","4 - 3 - H - P"
"716","P","4","H","3",1.13,"none","4 - 3 - H - P"
"717","P","4","H","3",1.74,"none","4 - 3 - H - P"
"718","P","4","H","3",2.19,"none","4 - 3 - H - P"
"719","P","4","H","3",1.6,"none","4 - 3 - H - P"
"720","P","4","H","4",2.55,"none","4 - 4 - H - P"
"721","P","4","H","4",2.21,"none","4 - 4 - H - P"
"722","P","4","H","4",3.65,"none","4 - 4 - H - P"
"723","P","4","H","4",1.88,"none","4 - 4 - H - P"
"724","P","4","H","4",2.52,"none","4 - 4 - H - P"
"725","P","4","H","5",0.46,"none","4 - 5 - H - P"
"726","P","4","H","5",2.84,"none","4 - 5 - H - P"
"727","P","4","H","6",2.25,"none","4 - 6 - H - P"
"728","P","4","H","6",2.41,"none","4 - 6 - H - P"
"729","P","4","H","6",2.9,"none","4 - 6 - H - P"
"730","P","4","H","6",1.04,"none","4 - 6 - H - P"
"731","P","4","H","7",0.77,"none","4 - 7 - H - P"
"732","P","4","H","7",2.61,"none","4 - 7 - H - P"
"733","P","4","H","7",2.09,"none","4 - 7 - H - P"
"734","P","4","H","7",2.37,"none","4 - 7 - H - P"
"735","P","4","H","7",1.87,"none","4 - 7 - H - P"
"736","C","4","H","8",4,"right","4 - 8 - H - C"
"737","C","4","H","8",2.31,"none","4 - 8 - H - C"
"738","C","4","H","8",3.72,"none","4 - 8 - H - C"
"739","C","4","H","8",1.66,"none","4 - 8 - H - C"
"740","C","4","H","9",3.14,"none","4 - 9 - H - C"
"741","C","4","H","11",3.91,"none","4 - 11 - H - C"
"742","C","4","H","12",2.57,"none","4 - 12 - H - C"
"743","C","4","H","12",4,"right","4 - 12 - H - C"
"744","C","4","H","12",4,"right","4 - 12 - H - C"
"745","C","4","H","12",4,"right","4 - 12 - H - C"
"746","C","4","H","14",3.43,"none","4 - 14 - H - C"
"747","C","4","H","14",4,"right","4 - 14 - H - C"
"748","C","4","H","14",2.8,"none","4 - 14 - H - C"
"749","C","4","H","14",3.8,"none","4 - 14 - H - C"
"750","P","4","M","1",2.44,"none","4 - 1 - M - P"
"751","P","4","M","1",1.34,"none","4 - 1 - M - P"
"752","P","4","M","1",3.19,"none","4 - 1 - M - P"
"753","P","4","M","1",0.12,"none","4 - 1 - M - P"
"754","P","4","M","2",2.97,"none","4 - 2 - M - P"
"755","P","4","M","2",3.56,"none","4 - 2 - M - P"
"756","P","4","M","2",2.42,"none","4 - 2 - M - P"
"757","P","4","M","2",2.41,"none","4 - 2 - M - P"
"758","P","4","M","2",3.7,"none","4 - 2 - M - P"
"759","P","4","M","3",1.84,"none","4 - 3 - M - P"
"760","P","4","M","3",2.67,"none","4 - 3 - M - P"
"761","P","4","M","3",2.79,"none","4 - 3 - M - P"
"762","P","4","M","3",1.99,"none","4 - 3 - M - P"
"763","P","4","M","3",0.99,"none","4 - 3 - M - P"
"764","P","4","M","4",1.63,"none","4 - 4 - M - P"
"765","P","4","M","4",1.17,"none","4 - 4 - M - P"
"766","P","4","M","4",1,"none","4 - 4 - M - P"
"767","P","4","M","4",2.43,"none","4 - 4 - M - P"
"768","P","4","M","5",2,"none","4 - 5 - M - P"
"769","P","4","M","5",1.96,"none","4 - 5 - M - P"
"770","P","4","M","5",2.85,"none","4 - 5 - M - P"
"771","P","4","M","5",2.47,"none","4 - 5 - M - P"
"772","P","4","M","5",2.48,"none","4 - 5 - M - P"
"773","P","4","M","6",2.13,"none","4 - 6 - M - P"
"774","P","4","M","6",3.03,"none","4 - 6 - M - P"
"775","P","4","M","6",2.23,"none","4 - 6 - M - P"
"776","P","4","M","6",1.17,"none","4 - 6 - M - P"
"777","P","4","M","6",2.23,"none","4 - 6 - M - P"
"778","C","4","M","7",2.91,"none","4 - 7 - M - C"
"779","C","4","M","7",1.8,"none","4 - 7 - M - C"
"780","C","4","M","8",2.08,"none","4 - 8 - M - C"
"781","C","4","M","8",1.46,"none","4 - 8 - M - C"
"782","C","4","M","8",3.42,"none","4 - 8 - M - C"
"783","C","4","M","8",1.34,"none","4 - 8 - M - C"
"784","C","4","M","8",2.03,"none","4 - 8 - M - C"
"785","C","4","M","9",1.87,"none","4 - 9 - M - C"
"786","C","4","M","9",1,"none","4 - 9 - M - C"
"787","C","4","M","9",0.86,"none","4 - 9 - M - C"
"788","C","4","M","9",2.63,"none","4 - 9 - M - C"
"789","C","4","M","10",2.83,"none","4 - 10 - M - C"
"790","C","4","M","10",1.16,"none","4 - 10 - M - C"
"791","C","4","M","10",2.3,"none","4 - 10 - M - C"
"792","C","4","M","10",0.7,"none","4 - 10 - M - C"
"793","C","4","M","10",2.2,"none","4 - 10 - M - C"
"794","C","4","M","11",4,"right","4 - 11 - M - C"
"795","C","4","M","11",1.23,"none","4 - 11 - M - C"
"796","C","4","M","11",1.87,"none","4 - 11 - M - C"
"797","C","4","M","11",1.4,"none","4 - 11 - M - C"
"798","C","4","M","12",2.69,"none","4 - 12 - M - C"
"799","C","4","M","12",0.99,"none","4 - 12 - M - C"
"800","C","4","M","12",1.75,"none","4 - 12 - M - C"
"801","C","4","M","12",1.52,"none","4 - 12 - M - C"
"802","C","4","M","12",1.93,"none","4 - 12 - M - C"
"803","C","4","M","13",3.04,"none","4 - 13 - M - C"
"804","C","4","M","13",3.29,"none","4 - 13 - M - C"
"805","C","4","M","13",0.79,"none","4 - 13 - M - C"
"806","C","4","M","13",1.08,"none","4 - 13 - M - C"
"807","C","4","M","13",2.8,"none","4 - 13 - M - C"
"808","P","3","H","1",2.16,"none","3 - 1 - H - P"
"809","P","3","H","1",2.32,"none","3 - 1 - H - P"
"810","P","3","H","1",1.03,"none","3 - 1 - H - P"
"811","P","3","H","1",3.91,"none","3 - 1 - H - P"
"812","P","3","H","1",1.61,"none","3 - 1 - H - P"
"813","P","3","H","2",1.68,"none","3 - 2 - H - P"
"814","P","3","H","2",3.87,"none","3 - 2 - H - P"
"815","P","3","H","2",2.41,"none","3 - 2 - H - P"
"816","P","3","H","2",3.04,"none","3 - 2 - H - P"
"817","P","3","H","2",2.12,"none","3 - 2 - H - P"
"818","P","3","H","3",1.23,"none","3 - 3 - H - P"
"819","P","3","H","3",2.69,"none","3 - 3 - H - P"
"820","P","3","H","3",2.26,"none","3 - 3 - H - P"
"821","P","3","H","3",2.72,"none","3 - 3 - H - P"
"822","P","3","H","4",2.87,"none","3 - 4 - H - P"
"823","P","3","H","4",3.69,"none","3 - 4 - H - P"
"824","P","3","H","4",3.63,"none","3 - 4 - H - P"
"825","P","3","H","4",2.33,"none","3 - 4 - H - P"
"826","P","3","H","4",3.76,"none","3 - 4 - H - P"
"827","P","3","H","5",3.85,"none","3 - 5 - H - P"
"828","P","3","H","5",3.23,"none","3 - 5 - H - P"
"829","P","3","H","5",3.01,"none","3 - 5 - H - P"
"830","P","3","H","5",3.09,"none","3 - 5 - H - P"
"831","P","3","H","5",1.01,"none","3 - 5 - H - P"
"832","C","3","H","6",1.51,"none","3 - 6 - H - C"
"833","C","3","H","6",1.35,"none","3 - 6 - H - C"
"834","C","3","H","6",2.33,"none","3 - 6 - H - C"
"835","C","3","H","7",1.58,"none","3 - 7 - H - C"
"836","C","3","H","7",2.14,"none","3 - 7 - H - C"
"837","C","3","H","8",3.31,"none","3 - 8 - H - C"
"838","C","3","H","8",3.78,"none","3 - 8 - H - C"
"839","C","3","H","8",2.57,"none","3 - 8 - H - C"
"840","C","3","H","8",1.81,"none","3 - 8 - H - C"
"841","C","3","H","8",1.75,"none","3 - 8 - H - C"
"842","C","3","H","9",4,"right","3 - 9 - H - C"
"843","C","3","H","9",2.43,"none","3 - 9 - H - C"
"844","C","3","H","9",3.19,"none","3 - 9 - H - C"
"845","C","3","H","9",4,"right","3 - 9 - H - C"
"846","C","3","H","10",2.33,"none","3 - 10 - H - C"
"847","C","3","H","10",2.45,"none","3 - 10 - H - C"
"848","C","3","H","10",4,"right","3 - 10 - H - C"
"849","C","3","H","10",4,"right","3 - 10 - H - C"
"850","C","3","H","10",2.24,"none","3 - 10 - H - C"
"851","C","3","H","11",3.65,"none","3 - 11 - H - C"
"852","P","3","M","1",0.89,"none","3 - 1 - M - P"
"853","P","3","M","1",2.46,"none","3 - 1 - M - P"
"854","P","3","M","1",2.7,"none","3 - 1 - M - P"
"855","P","3","M","1",2.85,"none","3 - 1 - M - P"
"856","P","3","M","1",1.95,"none","3 - 1 - M - P"
"857","P","3","M","3",2.34,"none","3 - 3 - M - P"
"858","P","3","M","3",1.95,"none","3 - 3 - M - P"
"859","P","3","M","3",2.86,"none","3 - 3 - M - P"
"860","P","3","M","3",1.81,"none","3 - 3 - M - P"
"861","P","3","M","4",1.6,"none","3 - 4 - M - P"
"862","P","3","M","4",0.41,"none","3 - 4 - M - P"
"863","P","3","M","4",2.34,"none","3 - 4 - M - P"
"864","P","3","M","4",0.94,"none","3 - 4 - M - P"
"865","P","3","M","4",1.99,"none","3 - 4 - M - P"
"866","P","3","M","5",2.87,"none","3 - 5 - M - P"
"867","P","3","M","5",1.27,"none","3 - 5 - M - P"
"868","P","3","M","5",0.66,"none","3 - 5 - M - P"
"869","P","3","M","5",2.84,"none","3 - 5 - M - P"
"870","P","3","M","5",3.05,"none","3 - 5 - M - P"
"871","P","3","M","6",3.35,"none","3 - 6 - M - P"
"872","P","3","M","6",2.46,"none","3 - 6 - M - P"
"873","P","3","M","6",2,"none","3 - 6 - M - P"
"874","P","3","M","6",2.65,"none","3 - 6 - M - P"
"875","P","3","M","6",1.76,"none","3 - 6 - M - P"
"876","P","3","M","7",2.02,"none","3 - 7 - M - P"
"877","P","3","M","7",2.65,"none","3 - 7 - M - P"
"878","P","3","M","7",1.01,"none","3 - 7 - M - P"
"879","P","3","M","7",1.48,"none","3 - 7 - M - P"
"880","C","3","M","8",3.13,"none","3 - 8 - M - C"
"881","C","3","M","8",0.73,"none","3 - 8 - M - C"
"882","C","3","M","8",1.76,"none","3 - 8 - M - C"
"883","C","3","M","8",2.77,"none","3 - 8 - M - C"
"884","C","3","M","9",3.91,"none","3 - 9 - M - C"
"885","C","3","M","9",1.26,"none","3 - 9 - M - C"
"886","C","3","M","9",4,"right","3 - 9 - M - C"
"887","C","3","M","9",3.94,"none","3 - 9 - M - C"
"888","C","3","M","10",3.27,"none","3 - 10 - M - C"
"889","C","3","M","10",1.99,"none","3 - 10 - M - C"
"890","C","3","M","10",3.22,"none","3 - 10 - M - C"
"891","C","3","M","10",2.22,"none","3 - 10 - M - C"
"892","C","3","M","11",3.09,"none","3 - 11 - M - C"
"893","C","3","M","11",2.86,"none","3 - 11 - M - C"
"894","C","3","M","11",4,"right","3 - 11 - M - C"
"895","C","3","M","11",4,"right","3 - 11 - M - C"
"896","C","3","M","11",3.1,"none","3 - 11 - M - C"
"897","C","3","M","12",2.37,"none","3 - 12 - M - C"
"898","C","3","M","12",3.29,"none","3 - 12 - M - C"
"899","C","3","M","12",1.87,"none","3 - 12 - M - C"
"900","C","3","M","12",3.01,"none","3 - 12 - M - C"
"901","C","3","M","12",1.17,"none","3 - 12 - M - C"
"902","C","3","M","13",3.04,"none","3 - 13 - M - C"
"903","C","3","M","13",3.39,"none","3 - 13 - M - C"
"904","C","3","M","13",4,"right","3 - 13 - M - C"
"905","C","3","M","13",3.9,"none","3 - 13 - M - C"
"906","C","3","M","13",1.02,"none","3 - 13 - M - C"
"907","P","3","H","1",3.86,"none","3 - 1 - H - P"
"908","P","3","H","2",2.47,"none","3 - 2 - H - P"
"909","P","3","H","2",2.79,"none","3 - 2 - H - P"
"910","C","3","H","3",1.37,"none","3 - 3 - H - C"
"911","C","3","H","3",4,"right","3 - 3 - H - C"
"912","C","3","H","3",0.78,"none","3 - 3 - H - C"
"913","C","3","H","3",4,"right","3 - 3 - H - C"
"914","C","3","H","4",2.93,"none","3 - 4 - H - C"
"915","C","3","H","4",4,"right","3 - 4 - H - C"
"916","P","3","M","1",1.56,"none","3 - 1 - M - P"
"917","P","3","M","1",3.2,"none","3 - 1 - M - P"
"918","P","3","M","1",2.19,"none","3 - 1 - M - P"
"919","P","3","M","1",2.6,"none","3 - 1 - M - P"
"920","P","3","M","2",1.81,"none","3 - 2 - M - P"
"921","P","3","M","2",1.86,"none","3 - 2 - M - P"
"922","P","3","M","2",2.12,"none","3 - 2 - M - P"
"923","P","3","M","2",1.35,"none","3 - 2 - M - P"
"924","P","3","M","3",2.44,"none","3 - 3 - M - P"
"925","P","3","M","3",2.19,"none","3 - 3 - M - P"
"926","P","3","M","3",2.68,"none","3 - 3 - M - P"
"927","P","3","M","3",2.25,"none","3 - 3 - M - P"
"928","P","3","M","4",3.48,"none","3 - 4 - M - P"
"929","P","3","M","4",1.79,"none","3 - 4 - M - P"
"930","P","3","M","4",2.84,"none","3 - 4 - M - P"
"931","P","3","M","5",1.94,"none","3 - 5 - M - P"
"932","P","3","M","5",1.21,"none","3 - 5 - M - P"
"933","C","3","M","6",1.23,"none","3 - 6 - M - C"
"934","C","3","M","6",2.32,"none","3 - 6 - M - C"
"935","C","3","M","6",1.93,"none","3 - 6 - M - C"
"936","C","3","M","7",3.02,"none","3 - 7 - M - C"
"937","C","3","M","7",3.04,"none","3 - 7 - M - C"
"938","C","3","M","8",4,"right","3 - 8 - M - C"
"939","C","3","M","8",2.45,"none","3 - 8 - M - C"
"940","C","3","M","8",1.9,"none","3 - 8 - M - C"
"941","C","3","M","9",4,"right","3 - 9 - M - C"
"942","C","3","M","9",1.56,"none","3 - 9 - M - C"
"943","C","3","M","9",1.31,"none","3 - 9 - M - C"
"944","C","3","M","9",1.99,"none","3 - 9 - M - C"
"945","C","3","M","9",3.38,"none","3 - 9 - M - C"
"946","C","3","M","10",2.3,"none","3 - 10 - M - C"
"947","C","3","M","10",1.9,"none","3 - 10 - M - C"
"948","C","3","M","10",2.47,"none","3 - 10 - M - C"
"949","C","3","M","10",2.78,"none","3 - 10 - M - C"
"950","P","3","H","1",1.23,"none","3 - 1 - H - P"
"951","P","3","H","1",1.85,"none","3 - 1 - H - P"
"952","P","3","H","1",1.71,"none","3 - 1 - H - P"
"953","P","3","H","1",1.55,"none","3 - 1 - H - P"
"954","P","3","H","1",2.27,"none","3 - 1 - H - P"
"955","P","3","H","2",2.11,"none","3 - 2 - H - P"
"956","P","3","H","2",2.47,"none","3 - 2 - H - P"
"957","P","3","H","2",3.14,"none","3 - 2 - H - P"
"958","P","3","H","2",2.16,"none","3 - 2 - H - P"
"959","P","3","H","2",2.34,"none","3 - 2 - H - P"
"960","P","3","H","3",2.39,"none","3 - 3 - H - P"
"961","P","3","H","3",1.29,"none","3 - 3 - H - P"
"962","P","3","H","3",3.13,"none","3 - 3 - H - P"
"963","P","3","H","3",2.73,"none","3 - 3 - H - P"
"964","P","3","H","4",2.7,"none","3 - 4 - H - P"
"965","P","3","H","4",2.3,"none","3 - 4 - H - P"
"966","P","3","H","4",3.43,"none","3 - 4 - H - P"
"967","P","3","H","4",1.84,"none","3 - 4 - H - P"
"968","P","3","H","5",1.65,"none","3 - 5 - H - P"
"969","P","3","H","5",2.58,"none","3 - 5 - H - P"
"970","P","3","H","5",2.08,"none","3 - 5 - H - P"
"971","P","3","H","6",2.45,"none","3 - 6 - H - P"
"972","P","3","H","6",3.7,"none","3 - 6 - H - P"
"973","P","3","H","6",1.08,"none","3 - 6 - H - P"
"974","P","3","H","6",3.45,"none","3 - 6 - H - P"
"975","C","3","H","7",1.97,"none","3 - 7 - H - C"
"976","C","3","H","7",3.54,"none","3 - 7 - H - C"
"977","C","3","H","8",3.88,"none","3 - 8 - H - C"
"978","C","3","H","8",4,"right","3 - 8 - H - C"
"979","C","3","H","8",3.22,"none","3 - 8 - H - C"
"980","C","3","H","9",2.15,"none","3 - 9 - H - C"
"981","C","3","H","9",4,"right","3 - 9 - H - C"
"982","C","3","H","9",3.94,"none","3 - 9 - H - C"
"983","C","3","H","10",2.83,"none","3 - 10 - H - C"
"984","C","3","H","10",2.03,"none","3 - 10 - H - C"
"985","C","3","H","10",3.9,"none","3 - 10 - H - C"
"986","C","3","H","10",2.99,"none","3 - 10 - H - C"
"987","C","3","H","10",3.04,"none","3 - 10 - H - C"
"988","P","3","M","1",1.04,"none","3 - 1 - M - P"
"989","P","3","M","1",2.12,"none","3 - 1 - M - P"
"990","P","3","M","1",1.21,"none","3 - 1 - M - P"
"991","P","3","M","1",1.36,"none","3 - 1 - M - P"
"992","P","3","M","1",2.63,"none","3 - 1 - M - P"
"993","P","3","M","2",2.64,"none","3 - 2 - M - P"
"994","P","3","M","2",2.62,"none","3 - 2 - M - P"
"995","P","3","M","2",1.23,"none","3 - 2 - M - P"
"996","P","3","M","2",1.5,"none","3 - 2 - M - P"
"997","P","3","M","2",2.8,"none","3 - 2 - M - P"
"998","P","3","M","3",1.32,"none","3 - 3 - M - P"
"999","P","3","M","3",2.22,"none","3 - 3 - M - P"
"1000","P","3","M","3",1.65,"none","3 - 3 - M - P"
"1001","P","3","M","3",1.62,"none","3 - 3 - M - P"
"1002","P","3","M","3",1.72,"none","3 - 3 - M - P"
"1003","P","3","M","4",1.93,"none","3 - 4 - M - P"
"1004","P","3","M","4",3.2,"none","3 - 4 - M - P"
"1005","P","3","M","4",2.59,"none","3 - 4 - M - P"
"1006","P","3","M","4",1.55,"none","3 - 4 - M - P"
"1007","C","3","M","6",4,"right","3 - 6 - M - C"
"1008","C","3","M","6",4,"right","3 - 6 - M - C"
"1009","C","3","M","6",1.71,"none","3 - 6 - M - C"
"1010","C","3","M","6",3.89,"none","3 - 6 - M - C"
"1011","C","3","M","6",2.6,"none","3 - 6 - M - C"
"1012","C","3","M","7",3.98,"none","3 - 7 - M - C"
"1013","C","3","M","7",3.29,"none","3 - 7 - M - C"
"1014","C","3","M","7",3.34,"none","3 - 7 - M - C"
"1015","C","3","M","7",2.46,"none","3 - 7 - M - C"
"1016","C","3","M","8",3.76,"none","3 - 8 - M - C"
"1017","C","3","M","8",3.88,"none","3 - 8 - M - C"
"1018","C","3","M","9",1.79,"none","3 - 9 - M - C"
"1019","C","3","M","9",2.11,"none","3 - 9 - M - C"
"1020","C","3","M","9",2.21,"none","3 - 9 - M - C"
"1021","C","3","M","9",2.35,"none","3 - 9 - M - C"
"1022","P","3","H","1",2.34,"none","3 - 1 - H - P"
"1023","P","3","H","1",2.67,"none","3 - 1 - H - P"
"1024","P","3","H","1",2.14,"none","3 - 1 - H - P"
"1025","P","3","H","1",2,"none","3 - 1 - H - P"
"1026","P","3","H","2",1.09,"none","3 - 2 - H - P"
"1027","P","3","H","2",3.43,"none","3 - 2 - H - P"
"1028","P","3","H","2",2.21,"none","3 - 2 - H - P"
"1029","P","3","H","2",3.01,"none","3 - 2 - H - P"
"1030","P","3","H","2",2.57,"none","3 - 2 - H - P"
"1031","P","3","H","3",1.45,"none","3 - 3 - H - P"
"1032","P","3","H","3",1.06,"none","3 - 3 - H - P"
"1033","P","3","H","3",1.96,"none","3 - 3 - H - P"
"1034","P","3","H","3",3.47,"none","3 - 3 - H - P"
"1035","P","3","H","3",0.77,"none","3 - 3 - H - P"
"1036","P","3","H","4",1.8,"none","3 - 4 - H - P"
"1037","P","3","H","4",2.69,"none","3 - 4 - H - P"
"1038","P","3","H","4",4,"right","3 - 4 - H - P"
"1039","P","3","H","4",3.97,"none","3 - 4 - H - P"
"1040","P","3","H","4",2.58,"none","3 - 4 - H - P"
"1041","P","3","H","5",1.9,"none","3 - 5 - H - P"
"1042","P","3","H","5",2.46,"none","3 - 5 - H - P"
"1043","P","3","H","5",0.97,"none","3 - 5 - H - P"
"1044","P","3","H","5",4,"right","3 - 5 - H - P"
"1045","P","3","H","5",4,"right","3 - 5 - H - P"
"1046","P","3","H","6",2.59,"none","3 - 6 - H - P"
"1047","P","3","H","6",2.64,"none","3 - 6 - H - P"
"1048","P","3","H","6",3.59,"none","3 - 6 - H - P"
"1049","P","3","H","6",3.63,"none","3 - 6 - H - P"
"1050","P","3","H","6",2.6,"none","3 - 6 - H - P"
"1051","P","3","H","7",3.67,"none","3 - 7 - H - P"
"1052","P","3","H","7",3.2,"none","3 - 7 - H - P"
"1053","P","3","H","7",1.09,"none","3 - 7 - H - P"
"1054","P","3","H","7",2.15,"none","3 - 7 - H - P"
"1055","P","3","H","7",1.2,"none","3 - 7 - H - P"
"1056","P","3","H","8",1.97,"none","3 - 8 - H - P"
"1057","P","3","H","8",2.59,"none","3 - 8 - H - P"
"1058","P","3","H","8",2.67,"none","3 - 8 - H - P"
"1059","P","3","H","8",0.58,"none","3 - 8 - H - P"
"1060","P","3","H","9",1.9,"none","3 - 9 - H - P"
"1061","P","3","H","9",1.67,"none","3 - 9 - H - P"
"1062","P","3","H","9",2.78,"none","3 - 9 - H - P"
"1063","P","3","H","9",0.93,"none","3 - 9 - H - P"
"1064","P","3","H","9",4,"right","3 - 9 - H - P"
"1065","P","3","H","10",1.34,"none","3 - 10 - H - P"
"1066","P","3","H","10",2.47,"none","3 - 10 - H - P"
"1067","P","3","H","10",2.08,"none","3 - 10 - H - P"
"1068","P","3","H","10",1.64,"none","3 - 10 - H - P"
"1069","P","3","H","10",1.93,"none","3 - 10 - H - P"
"1070","P","3","H","11",1.48,"none","3 - 11 - H - P"
"1071","P","3","H","11",1.31,"none","3 - 11 - H - P"
"1072","P","3","H","11",2.56,"none","3 - 11 - H - P"
"1073","P","3","H","11",0.49,"none","3 - 11 - H - P"
"1074","P","3","H","12",4,"right","3 - 12 - H - P"
"1075","P","3","H","12",1.56,"none","3 - 12 - H - P"
"1076","P","3","H","12",3.02,"none","3 - 12 - H - P"
"1077","P","3","H","12",2.19,"none","3 - 12 - H - P"
"1078","P","3","H","13",4,"right","3 - 13 - H - P"
"1079","P","3","H","13",2.25,"none","3 - 13 - H - P"
"1080","P","3","H","13",2.96,"none","3 - 13 - H - P"
"1081","P","3","H","13",1.1,"none","3 - 13 - H - P"
"1082","P","3","H","13",2.01,"none","3 - 13 - H - P"
"1083","C","3","H","14",1.05,"none","3 - 14 - H - C"
"1084","C","3","H","14",3.16,"none","3 - 14 - H - C"
"1085","C","3","H","15",1.62,"none","3 - 15 - H - C"
"1086","C","3","H","15",2.03,"none","3 - 15 - H - C"
"1087","C","3","H","15",2.08,"none","3 - 15 - H - C"
"1088","C","3","H","15",1.29,"none","3 - 15 - H - C"
"1089","C","3","H","15",3.62,"none","3 - 15 - H - C"
"1090","C","3","H","16",2.25,"none","3 - 16 - H - C"
"1091","C","3","H","16",1.34,"none","3 - 16 - H - C"
"1092","C","3","H","16",2.7,"none","3 - 16 - H - C"
"1093","C","3","H","16",3.82,"none","3 - 16 - H - C"
"1094","C","3","H","16",2.43,"none","3 - 16 - H - C"
"1095","C","3","H","17",2.13,"none","3 - 17 - H - C"
"1096","C","3","H","18",4,"right","3 - 18 - H - C"
"1097","C","3","H","18",3.41,"none","3 - 18 - H - C"
"1098","C","3","H","18",3.85,"none","3 - 18 - H - C"
"1099","C","3","H","18",4,"right","3 - 18 - H - C"
"1100","C","3","H","18",4,"right","3 - 18 - H - C"
"1101","C","3","H","19",3.12,"none","3 - 19 - H - C"
"1102","C","3","H","19",1.32,"none","3 - 19 - H - C"
"1103","C","3","H","19",2.3,"none","3 - 19 - H - C"
"1104","C","3","H","19",4,"right","3 - 19 - H - C"
"1105","C","3","H","19",1.37,"none","3 - 19 - H - C"
"1106","C","3","H","20",2.28,"none","3 - 20 - H - C"
"1107","C","3","H","20",2.95,"none","3 - 20 - H - C"
"1108","C","3","H","20",2.89,"none","3 - 20 - H - C"
"1109","C","3","H","21",4,"right","3 - 21 - H - C"
"1110","C","3","H","21",3.12,"none","3 - 21 - H - C"
"1111","C","3","H","21",0.45,"none","3 - 21 - H - C"
"1112","C","3","H","21",2.81,"none","3 - 21 - H - C"
"1113","C","3","H","22",3.68,"none","3 - 22 - H - C"
"1114","C","3","H","22",3.12,"none","3 - 22 - H - C"
"1115","C","3","H","22",1.04,"none","3 - 22 - H - C"
"1116","C","3","H","22",2.3,"none","3 - 22 - H - C"
"1117","C","3","H","22",2.39,"none","3 - 22 - H - C"
"1118","C","3","H","23",2.82,"none","3 - 23 - H - C"
"1119","C","3","H","23",1.88,"none","3 - 23 - H - C"
"1120","C","3","H","23",1.81,"none","3 - 23 - H - C"
"1121","C","3","H","23",2.27,"none","3 - 23 - H - C"
"1122","C","3","H","23",3.28,"none","3 - 23 - H - C"
"1123","C","3","H","24",2.75,"none","3 - 24 - H - C"
"1124","C","3","H","24",2.54,"none","3 - 24 - H - C"
"1125","C","3","H","24",4,"right","3 - 24 - H - C"
"1126","C","3","H","24",4,"right","3 - 24 - H - C"
"1127","C","3","H","24",3.18,"none","3 - 24 - H - C"
"1128","C","3","H","25",4,"right","3 - 25 - H - C"
"1129","C","3","H","25",4,"right","3 - 25 - H - C"
"1130","C","3","H","25",3.17,"none","3 - 25 - H - C"
"1131","C","3","H","26",1.86,"none","3 - 26 - H - C"
"1132","C","3","H","26",3.16,"none","3 - 26 - H - C"
"1133","C","3","H","26",3.74,"none","3 - 26 - H - C"
"1134","C","3","H","26",3.62,"none","3 - 26 - H - C"
"1135","C","3","H","26",1.99,"none","3 - 26 - H - C"
"1136","P","3","M","1",2.44,"none","3 - 1 - M - P"
"1137","P","3","M","1",1.91,"none","3 - 1 - M - P"
"1138","P","3","M","1",2.44,"none","3 - 1 - M - P"
"1139","P","3","M","1",2.41,"none","3 - 1 - M - P"
"1140","P","3","M","1",2.22,"none","3 - 1 - M - P"
"1141","P","3","M","2",0.86,"none","3 - 2 - M - P"
"1142","P","3","M","2",1.96,"none","3 - 2 - M - P"
"1143","P","3","M","2",1.06,"none","3 - 2 - M - P"
"1144","P","3","M","2",3.18,"none","3 - 2 - M - P"
"1145","P","3","M","3",2.34,"none","3 - 3 - M - P"
"1146","P","3","M","3",2.65,"none","3 - 3 - M - P"
"1147","P","3","M","3",1.48,"none","3 - 3 - M - P"
"1148","P","3","M","3",1.28,"none","3 - 3 - M - P"
"1149","P","3","M","3",2.03,"none","3 - 3 - M - P"
"1150","P","3","M","4",2,"none","3 - 4 - M - P"
"1151","P","3","M","4",1.92,"none","3 - 4 - M - P"
"1152","P","3","M","4",1.46,"none","3 - 4 - M - P"
"1153","P","3","M","4",1.58,"none","3 - 4 - M - P"
"1154","P","3","M","4",1.81,"none","3 - 4 - M - P"
"1155","P","3","M","5",0.79,"none","3 - 5 - M - P"
"1156","P","3","M","5",1.49,"none","3 - 5 - M - P"
"1157","P","3","M","5",1.35,"none","3 - 5 - M - P"
"1158","P","3","M","5",2.11,"none","3 - 5 - M - P"
"1159","P","3","M","5",2.72,"none","3 - 5 - M - P"
"1160","P","3","M","6",3.94,"none","3 - 6 - M - P"
"1161","P","3","M","6",2.85,"none","3 - 6 - M - P"
"1162","P","3","M","6",2.58,"none","3 - 6 - M - P"
"1163","P","3","M","6",1.57,"none","3 - 6 - M - P"
"1164","P","3","M","6",1.19,"none","3 - 6 - M - P"
"1165","P","3","M","7",1.34,"none","3 - 7 - M - P"
"1166","P","3","M","7",3.56,"none","3 - 7 - M - P"
"1167","P","3","M","7",4,"none","3 - 7 - M - P"
"1168","P","3","M","7",2.62,"none","3 - 7 - M - P"
"1169","P","3","M","7",1.49,"none","3 - 7 - M - P"
"1170","P","3","M","8",0.56,"none","3 - 8 - M - P"
"1171","P","3","M","8",1.17,"none","3 - 8 - M - P"
"1172","P","3","M","8",1.85,"none","3 - 8 - M - P"
"1173","P","3","M","8",0.75,"none","3 - 8 - M - P"
"1174","P","3","M","8",3.03,"none","3 - 8 - M - P"
"1175","P","3","M","9",2.48,"none","3 - 9 - M - P"
"1176","P","3","M","9",1.63,"none","3 - 9 - M - P"
"1177","P","3","M","9",0.79,"none","3 - 9 - M - P"
"1178","P","3","M","10",2.27,"none","3 - 10 - M - P"
"1179","P","3","M","10",1.5,"none","3 - 10 - M - P"
"1180","P","3","M","10",2.07,"none","3 - 10 - M - P"
"1181","P","3","M","10",1.73,"none","3 - 10 - M - P"
"1182","P","3","M","10",3.63,"none","3 - 10 - M - P"
"1183","P","3","M","11",1.56,"none","3 - 11 - M - P"
"1184","P","3","M","11",0.92,"none","3 - 11 - M - P"
"1185","P","3","M","11",1.32,"none","3 - 11 - M - P"
"1186","P","3","M","11",1.44,"none","3 - 11 - M - P"
"1187","P","3","M","11",1.3,"none","3 - 11 - M - P"
"1188","P","3","M","12",1.6,"none","3 - 12 - M - P"
"1189","P","3","M","12",1.15,"none","3 - 12 - M - P"
"1190","P","3","M","12",1.19,"none","3 - 12 - M - P"
"1191","P","3","M","12",2.1,"none","3 - 12 - M - P"
"1192","P","3","M","12",2.09,"none","3 - 12 - M - P"
"1193","C","3","M","14",2.88,"none","3 - 14 - M - C"
"1194","C","3","M","14",2.68,"none","3 - 14 - M - C"
"1195","C","3","M","14",1.53,"none","3 - 14 - M - C"
"1196","C","3","M","14",1.48,"none","3 - 14 - M - C"
"1197","C","3","M","14",3.71,"none","3 - 14 - M - C"
"1198","C","3","M","15",2.37,"none","3 - 15 - M - C"
"1199","C","3","M","15",3.35,"none","3 - 15 - M - C"
"1200","C","3","M","15",1.26,"none","3 - 15 - M - C"
"1201","C","3","M","15",2.29,"none","3 - 15 - M - C"
"1202","C","3","M","16",3.01,"none","3 - 16 - M - C"
"1203","C","3","M","17",2.55,"none","3 - 17 - M - C"
"1204","C","3","M","17",1.29,"none","3 - 17 - M - C"
"1205","C","3","M","17",3.45,"none","3 - 17 - M - C"
"1206","C","3","M","17",1.59,"none","3 - 17 - M - C"
"1207","C","3","M","18",0.61,"none","3 - 18 - M - C"
"1208","C","3","M","18",3.46,"none","3 - 18 - M - C"
"1209","C","3","M","18",1.2,"none","3 - 18 - M - C"
"1210","C","3","M","18",3.08,"none","3 - 18 - M - C"
"1211","C","3","M","18",1.68,"none","3 - 18 - M - C"
"1212","C","3","M","19",3.2,"none","3 - 19 - M - C"
"1213","C","3","M","19",2.18,"none","3 - 19 - M - C"
"1214","C","3","M","19",1.77,"none","3 - 19 - M - C"
"1215","C","3","M","19",2.01,"none","3 - 19 - M - C"
"1216","C","3","M","19",3.16,"none","3 - 19 - M - C"
"1217","C","3","M","20",1.95,"none","3 - 20 - M - C"
"1218","C","3","M","20",2.74,"none","3 - 20 - M - C"
"1219","C","3","M","20",1.68,"none","3 - 20 - M - C"
"1220","C","3","M","20",3.53,"none","3 - 20 - M - C"
"1221","C","3","M","20",1.43,"none","3 - 20 - M - C"
"1222","C","3","M","21",1.35,"none","3 - 21 - M - C"
"1223","C","3","M","21",2.18,"none","3 - 21 - M - C"
"1224","C","3","M","21",1.25,"none","3 - 21 - M - C"
"1225","C","3","M","21",2.78,"none","3 - 21 - M - C"
"1226","C","3","M","21",1.9,"none","3 - 21 - M - C"
"1227","C","3","M","22",2.35,"none","3 - 22 - M - C"
"1228","C","3","M","22",2.94,"none","3 - 22 - M - C"
"1229","C","3","M","22",2.66,"none","3 - 22 - M - C"
"1230","C","3","M","23",1,"none","3 - 23 - M - C"
"1231","C","3","M","23",1.88,"none","3 - 23 - M - C"
"1232","C","3","M","24",2.78,"none","3 - 24 - M - C"
"1233","C","3","M","24",2.44,"none","3 - 24 - M - C"
"1234","C","3","M","25",1.03,"none","3 - 25 - M - C"
"1235","C","3","M","25",1.98,"none","3 - 25 - M - C"
"1236","C","3","M","25",3,"none","3 - 25 - M - C"
